names,number,annotation,adduct,mz,mzmin,mzmax,rt,Rtminutes,rtmin,rtmax,npeaks,mzXML,t01,t02,t03,t11,t12,t13,t21,t22,t23,t31,t32,t33,t41,t42,t43,t51,t53,t61,t62,t63,t71,t72,t73,t81,t82,t83,t91,t92,t93,t101,t102,t103,t111,isotopes,pcgroup,pc_nocorr,CouA,MSnEluc,formula
M747.28T681.6,67,pinoresinol_diglucoside_13C16_AA,[M+Ac-H]-,747.2795365,747.2787643,747.2804343,681.6007464,11.36001244,660.1182727,694.5326268,19,19,0,0,0,0,0,0,3996.076721,792.7592654,746.9907349,0,13009.94899,11452.18966,13143.82757,20366.45284,14070.4834,0,3521.728562,23968.40328,134807.1673,10356.18464,95064.32859,50587.16348,34625.16408,55674.74853,0,77255.65225,8520.316921,42751.12336,51993.75691,134674.274,89754.18828,16265.86657,58831.86592,,2277,282,2,NA,
M744.269T681.6,67,pinoresinol_diglucoside_13C3_AA,[M+Ac-H]-,744.2687,NA,NA,681.6007464,11.36001244,660.1182727,694.5326268,NA,NA,0,0,0,0,0,0,0,16243.47668,10782.76718,0,0,21249.96924,0,0,0,19690.85599,0,0,74222.3693,0,83779.19805,44601.22809,0,34490.9914,0,59777.39273,0,0,87650.39525,13285.89689,59855.9796,0,0,,NA,NA,1,NA,
M741.259T683.43,67,pinoresinol_diglucoside_AA,[M-H]-,741.2586997,741.2586997,741.2596718,683.429155,11.39048592,660.1182727,718.907399,38,33,671640.4093,530068.6786,1711455.882,1442752.287,961644.4421,1508010.744,574752.5519,817284.7194,563340.0066,109055.1343,997392.213,638986.1755,387540.5316,463315.5337,511393.664,465109.2903,305331.1316,1683445.943,732382.3221,234451.8617,916163.2546,715029.6417,705121.2703,425586.2082,635359.6971,422787.1237,546081.7532,764479.7314,710952.8599,710925.2097,699119.3283,127280.5708,383000.5334,,1196,28,0,NA,
M519.187T835.82,22,pinoresinol_monoglucoside,[M-H]-,519.1865318,519.1861268,519.1865318,835.8173186,13.93028864,830.8504401,848.0539401,30,30,91453.77052,98665.93264,560193.5168,135270.4376,103669.2399,769703.9119,77775.65828,60603.36157,109471.5179,11336.82986,146381.9814,118088.0414,122155.69,100571.4104,72902.70756,43786.46339,159522.5031,845687.7271,96973.3408,36192.17093,251150.7611,133714.7891,332980.4774,91711.66135,113840.4687,70241.45699,88593.62609,152492.359,116457.1651,127934.6432,174213.4177,29255.10718,275524.2148,,106,106,0,NA,
M522.196T835.82,22,pinoresinol_monoglucoside_13C3,[M-H]-,522.1960454,522.1954715,522.1966137,835.8173186,NA,NA,NA,NA,NA,0,0,0,0,0,0,0,0,0,0,8243.084294,5692.228388,11441.9852,2831.819,8287.817273,4979.982154,8919.769085,61432.43495,25048.83815,2232.980805,88328.54313,37345.13234,51325.74729,38094.14779,20564.40045,34023.86047,45106.82381,48627.67608,50428.7431,46079.31814,82778.92074,12984.47873,51082.61525,,NA,NA,1,NA,
M525.207T835.18,22,pinoresinol_monoglucoside_13C6,[M-H]-,525.2065702,525.2056798,525.2067693,835.1781386,13.91963564,830.8504401,843.2514865,18,18,0,0,0,0,0,0,0,0,0,0,14542.56373,3962.310753,19569.2202,26323.18089,18308.95487,9997.93488,6530.139872,26752.40586,44410.47294,27930.84391,176413.9241,97755.75376,105679.2166,90060.48807,73102.38721,38137.60907,36035.07312,24832.6856,43921.44886,47287.10219,90548.68184,14581.215,32002.5862,,2351,325,2,NA,
M341.087T373.13,6,caffeic_acid_glucoside,[M-H]-,341.0870749,341.0849603,341.0871875,373.1281656,6.218802759,367.9210768,380.4148162,22,22,5828.84166,0,116960.1913,2574.824788,2629.577863,42285.62655,14096.49849,7886.390705,13991.04387,0,8084.347107,15069.0305,49508.65231,7353.2336,2938.40301,3914.731985,23338.5934,135605.9778,1360.808604,2747.984934,74949.55694,43541.73263,116669.4434,24557.39631,30762.28174,10503.7753,11719.93755,11267.44802,40145.40563,41057.52237,0,6113.070756,0,[4][M]+,421,421,0,TRUE,C15H17O9
M344.097T373.55,6,caffeic_acid_glucoside_13C3,[M-H]-,344.0971416,344.0971416,344.0972745,373.550664,6.2258444,369.4292178,380.4148162,25,25,0,0,0,5179.741911,3756.95868,13320.58176,12370.95072,6098.33121,14685.66868,6446.467688,27024.13205,26578.78232,26855.31192,20193.67218,13416.50768,30214.82563,27189.01842,39344.18676,77908.40099,13355.38641,41256.85026,139924.3588,104337.6379,137286.8815,93099.63275,161871.062,120361.3294,83726.94651,177100.825,8738.797218,0,7450.947637,0,[4][M+1]+,421,421,1,TRUE,C15H17O9
M473.072T561.16,17,chicoric_acid,[M-H]-,473.0718119,473.0713094,473.0718119,561.1557039,9.352595064,545.8647314,580.490895,33,33,365773.5674,1290374.983,3177783.794,848760.6441,622375.4974,4657891.998,1005043.35,198564.5764,3464452.871,54492.4477,2194910.564,1674230.078,410066.2421,219647.3303,421450.5677,219922.0717,719390.322,842011.8741,511770.7908,63947.82956,871251.5066,1062187.952,2290351.273,1174881.499,1534813.162,672791.1356,719816.3286,1741547.392,1355301.241,1592236.802,2115190.068,132241.2691,1935110.251,,1114,18,0,TRUE,C22H17O12
M476.082T561.57,17,chicoric_acid_13C3,[M-H]-,476.081795,476.0792691,476.0820155,561.5744611,9.359574352,549.865095,580.490895,25,25,0,0,0,2157.388334,0,20112.52028,16484.88534,0,38659.90142,0,24420.67901,21028.50914,12261.54442,7339.998594,14082.68886,19148.45312,40031.53407,20492.12645,28343.79333,0,47908.02677,57175.55974,151660.9285,140168.0342,101892.5832,76533.30914,114314.8741,103356.1521,220188.8796,417080.7265,223191.6148,32484.25397,388649.5792,,1432,51,1,TRUE,C22H17O12
M479.092T560.21,17,chicoric_acid_13C6,[M-H]-,479.0918315,479.0906593,479.0918315,560.2103265,9.336838775,556.1670134,580.490895,17,17,0,0,0,0,0,0,692.1622251,0,0,0,0,0,0,5084.147931,6706.316822,9328.176991,34409.22538,0,19656.67894,0,28096.79521,20363.7842,122434.8022,176137.7823,32267.57698,30868.24588,108496.5691,66613.364,104764.6526,239486.5526,141393.6151,13528.32363,269595.0254,,167,167,2,TRUE,C22H17O12
M404.154T535.23,10,coniferin_13C3_AA,[M+Ac-H]-,404.1543842,404.1543842,404.1553739,535.2264006,8.920440009,527.3663275,565.8245494,20,20,0,0,0,0,0,0,0,0,3733.227354,0,0,18033.2511,22967.89466,17192.51198,2842.811917,57848.52047,17611.66292,0,9794.379913,6233.146194,0,19379.49991,6209.967582,87909.58817,16528.08184,7365.80809,65588.34797,49489.31858,44524.183,146670.5007,0,23292.17549,79090.20446,,1788,111,1,NA,C18H25O10
M401.145T536.79,10,coniferin_AA,[M+Ac-H]-,401.1447158,401.1446883,401.1449291,536.7858263,8.946430439,527.6450147,565.8245494,33,33,251027.4108,83629.46442,226034.0747,270512.071,240051.1322,546448.7032,234718.9693,330264.2918,135262.9168,436463.4877,61418.04354,580884.4641,297739.4586,272470.4891,282069.4276,345376.5394,180344.7095,923642.0958,163157.0016,101375.8712,84683.73971,332133.5018,182434.3522,172747.28,234599.8146,63300.12638,240100.5988,174670.7495,315956.6446,466190.6377,77363.60559,137942.4239,615513.8431,,1050,10,0,NA,C18H25O10
M163.04T576.32,1,coumaric_acid,[M-H]-,163.0398094,163.0397895,163.0402779,576.3233391,9.605388985,570.519111,603.4787063,26,26,2328.034648,0,24417.14722,1052.857429,13063.33613,0,15480.6092,5418.382067,20156.43059,1539.639413,12100.42018,18279.05515,16508.61586,13520.41781,10427.61923,8407.576191,35827.62085,94104.12218,17034.01026,7484.453138,74709.20918,14242.67513,52243.74382,14515.3207,15028.65186,6116.895365,15660.88718,14005.06141,16271.94285,1699.228329,0,0,10215.0072,[1][M]+,145,145,0,TRUE,C9H7O3
M166.05T576.06,1,coumaric_acid_13C,[M-H]-,166.0498575,166.0496505,166.0498924,576.0583405,9.600972341,568.8654048,603.4787063,28,28,0,0,0,262533.6734,253647.622,89500.8893,171258.0111,242918.6116,293807.417,295654.2473,30627.225,184387.7368,393187.6231,250591.1422,186198.6025,61065.38667,408353.102,105121.4583,500717.5494,255917.0071,45288.51963,56784.45696,387981.6603,85723.98085,21536.5915,52499.5767,20190.25449,23552.475,107612.2142,1476.642241,28580.25167,0,28470.18164,[1][M+1]+,145,145,1,TRUE,C9H7O3
M388.123T415.33,8,coumaric_acid_glucoside_13C3_AA,[M+Ac-H]-,388.1233273,388.1233273,388.1233308,415.3269134,6.922115224,407.935881,432.5153954,29,29,0,0,0,19926.22418,28773.22771,106577.5833,54872.10263,61117.01492,45333.88601,54099.97139,72506.58879,100600.0508,158644.5524,102136.622,86912.7105,124799.5784,84351.82172,187916.3206,666509.4398,170538.3087,151659.8449,314253.0871,457315.6634,345903.9814,154004.205,299001.1638,193702.4865,142508.3705,373310.2618,288388.7722,0,70717.84891,104539.6424,[5][M+1]+,203,203,1,TRUE,C17H21O10
M385.113T415.18,8,coumaric_acid_glucoside_AA,[M+Ac-H]-,385.1130911,385.1130911,385.1132622,415.1763158,6.919605264,407.8159077,432.5153954,30,30,12925.50567,6541.819583,173398.5294,2724.741407,31507.444,71176.39518,88344.96222,12664.75498,19461.95804,10906.52151,19119.24522,58196.31707,293901.1217,40603.96464,17444.46868,32438.9549,52341.14881,212397.3845,29639.80775,34871.38354,238304.3086,83765.6214,146598.4557,33878.69409,90353.41852,88190.73812,59700.63268,29605.76,74315.22489,178789.3785,0,37102.17956,17374.52634,[5][M]+,203,203,0,TRUE,C17H21O10
M547.166T372.5,23,coumaric_acid_glucoside_glucose_ester,[M-H]-,547.1658832,547.1651234,547.1658832,372.5032146,6.208386911,363.5600552,378.03772,17,17,0,0,46452.12008,0,0,21805.50409,7337.724015,0,2719.556261,0,4392.625967,14660.59684,28251.15732,739.7520325,488.3008501,0,19547.95345,14648.54048,13947.31289,0,50067.15729,10065.90901,42037.81444,20102.53183,19520.99185,10636.56991,1142.047695,0,33590.60367,81142.97256,0,0,35876.41263,,655,655,0,NA,
M550.175T369.34,23,coumaric_acid_glucoside_glucose_ester_13C3,[M-H]-,550.1753225,550.1734886,550.1753225,369.3352898,6.155588163,349.4280188,379.2306198,23,17,0,5311.679304,54400.8126,0,687.6459671,110184.6361,5362.444662,4823.139116,43127.67666,3037.875711,33027.2238,4371.830172,42904.65919,15094.67305,10583.51517,9128.569122,28270.2507,92589.64621,248576.5758,25412.44558,117696.2637,116934.9871,372838.2495,197004.9242,70261.35948,99166.13295,83030.45433,2177.376053,275426.538,245206.4125,0,3500.135129,178614.1264,,258,258,1,NA,
M457.077T620.2,14,coumaroyl_caffeoyl_tartaric_acid,[M-H]-,457.0770384,457.0764202,457.0770384,620.2011149,10.33668525,609.8068376,640.1647342,30,30,16144.20835,25010.38225,53564.06126,18220.76635,24061.15198,114527.7049,28774.19566,19846.7657,54522.30362,1019.720831,38611.58387,19592.75228,13798.37815,7114.069303,13308.47406,5875.571122,23973.91058,12476.88549,18332.69125,3149.162565,11877.40743,22582.64051,60545.7673,36171.78805,44914.41449,11267.47542,37194.64399,48482.73715,32221.21087,38110.46853,22133.59998,3316.422078,31997.49037,[8][M]+,486,486,0,NA,C22H17O11
M460.087T619.84,14,coumaroyl_caffeoyl_tartaric_acid_13C3,[M-H]-,460.0865105,460.0863202,460.0867589,619.8379549,10.33063258,615.835885,638.3580576,17,17,0,0,0,0,2377.437573,3453.810601,8973.915379,0,1257.851773,0,12348.69863,0,1110.387,368.768,1011.397,2608.942534,920.79,492.481,9316.863835,0,0,20245.23205,30585.85193,33921.18404,15943.20645,22366.3094,20131.50071,17088.96127,20061.64149,21534.21297,24333.21496,0,11451.16619,[8][M+1]+,486,486,1,NA,C22H17O11
M463.097T620.2,14,coumaroyl_caffeoyl_tartaric_acid_13C6,[M-H]-,463.09688,NA,NA,620.2011149,NA,NA,NA,NA,NA,0,0,0,0,0,0,0,0,0,0,0,0,0,0,0,0,0,0,0,0,0,1109.838,1537.368,5655.774,269.886,530.757,2115.686,0,966.112,1643.083,2073.991,0,0,,NA,NA,2,NA,C22H17O11
M355.066T215.91,7,coumaroyl_glucaric_acid,[M-H]-,355.0662078,355.0644681,355.0665965,215.9068856,3.598448094,212.1855116,236.8923793,35,33,86097.98671,91235.40955,210167.0844,156984.3119,110193.0565,193892.1644,112475.2697,40764.9416,151389.886,50835.60362,224322.6624,113023.6057,90905.53002,124346.1962,55624.7871,60110.90134,172517.7061,142837.9918,196323.2395,64359.76077,162940.8237,136151.1582,256376.2565,199738.2448,174985.4171,105814.7696,73878.52393,253874.0215,155643.1727,144581.7081,183505.0759,59802.82348,236675.4873,,315,315,0,TRUE,C15H15O10
M358.076T214.84,7,coumaroyl_glucaric_acid_13C3,[M-H]-,358.0763723,358.0740418,358.0767392,214.837755,3.58062925,194.7883567,223.9267426,39,24,0,0,0,2454.194352,0,1395.210214,578.5881354,0,2728.829525,4398.927697,4758.058405,6787.674076,8170.313901,10421.63527,2929.14984,11190.63602,5327.072576,19259.78492,116298.49,14366.79606,16182.22239,9688.1067,54801.19223,51843.45687,15541.64498,24050.21203,11887.5886,9468.611753,75954.89026,34866.19049,53313.14113,14677.69446,60770.05298,,529,529,1,TRUE,C15H15O10
M325.092T530.52,4,coumaroyl_glucose,[M-H]-,325.0923614,325.0920856,325.0923614,530.5233668,8.842056113,507.8360877,545.1052868,19,19,4553.006363,3399.157936,11849.45253,800.1538951,7953.715111,2521.796225,19719.46588,0,0,4365.205033,0,0,22707.02458,6780.33181,4847.298861,3602.247459,11770.51931,1129.088111,11310.06268,3794.086098,19742.57495,9263.637637,8318.668822,6376.181253,5947.364212,10823.08459,0,1607.714736,13421.23638,17494.8542,3177.885729,0,0,,364,364,0,TRUE,C15H17O8
M328.103T528.02,4,coumaroyl_glucose_13C3,[M-H]-,328.1025757,328.0993145,328.1030516,528.0201534,8.800335891,506.7949122,541.015779,49,30,0,0,0,2531.615393,7144.84359,27212.79747,12587.24169,41969.30151,43895.8735,16207.50829,14574.43613,51395.04894,84899.68579,17537.45317,15070.67514,25020.14216,22254.82912,7379.274461,69686.8902,23417.09912,19234.46644,45502.56632,45252.00021,264488.2438,12788.92659,361114.4504,0,26393.54872,60272.54746,55918.61743,20414.50162,11551.6162,21677.37215,,222,222,1,TRUE,C15H17O8
M295.045T210.44,3,coumaroyl_tartaric_acid,[M-H]-,295.0453547,295.0452601,295.0453547,210.4416676,3.507361127,202.5461824,238.1477734,33,32,72963.9613,61743.13195,54432.45083,74828.87477,73729.3142,75632.87281,69255.33756,42776.69696,76326.50141,28506.36953,91338.20981,76238.49714,46129.38204,61423.97443,43410.59663,51836.31254,83424.69228,38480.15029,65649.98434,30673.71893,95497.27307,50893.96367,68674.90628,106989.5866,129041.0071,79153.34471,66382.73365,116853.4194,86548.17965,64912.3857,110003.5409,21231.48084,0,[2][M]+,453,453,0,TRUE,C13H11O8
M295.045T186.07,2,coumaroyl_tartaric_acid,[M-H]-,295.0453547,295.0453547,295.0453584,186.0671715,3.101119525,179.8445178,192.9466912,32,32,54252.0067,66373.4939,80676.96154,77689.79625,65382.69821,110244.1572,88716.68396,41038.82301,88785.52186,20482.54947,98177.89926,68897.8117,42032.01598,62085.06789,38548.056,40417.21286,90556.24068,57178.03811,74673.21151,26167.87405,105750.1581,55493.39926,93810.53467,115938.4119,139510.9587,58508.73296,68685.75042,170243.751,99318.46882,83918.0186,0,10735.61653,109684.9784,[3][M]+,393,393,0,TRUE,C13H11O8
M298.055T186.08,2,coumaroyl_tartaric_acid_13C3,[M-H]-,298.0553564,298.0551608,298.0556991,186.084078,3.101401299,181.5997476,191.9796246,28,28,0,0,0,14901.27231,15437.59791,28378.54321,23369.47436,8085.746331,13680.0408,11384.34469,41104.39503,17188.73432,16214.77983,23187.80278,19784.92401,31464.30171,32863.15366,26457.79577,94371.38265,29231.16902,45227.42125,51694.27177,122064.9028,119688.9634,40230.89434,38078.02527,38307.07971,43512.76732,58134.23568,27006.14952,0,0,15533.60493,[3][M+1]+,393,393,1,TRUE,C13H11O8
M298.055T211.03,3,coumaroyl_tartaric_acid_13C3,[M-H]-,298.0553118,298.0546226,298.0556991,211.0289644,3.517149407,202.5461824,214.0135916,25,25,0,0,0,15164.42692,17249.29631,19610.11857,19283.31929,10596.8512,8820.451966,12954.765,38967.70258,18059.62117,18198.23356,24426.4751,19956.49322,37090.50927,26642.52475,17086.02008,75504.07766,36556.91792,28101.40278,49616.46168,78553.05425,104557.1497,37582.96473,55263.86662,34488.24449,29031.45615,49577.53132,13872.97426,51465.67253,3302.48958,0,[2][M+1]+,453,453,1,TRUE,C13H11O8
M651.191T416.82,47,dehydrocaffeic_acid_glucoside_esterified_to_paracoumaric_acid_glucoside,[M-H]-,651.1911714,651.1909307,651.1911714,416.8180139,6.946966898,407.935881,434.2289651,23,23,0,0,433925.235,0,704.0689592,70343.58059,97438.53891,0,0,0,0,39589.89714,661772.8025,18597.52766,1577.363819,11623.77119,57020.34736,748849.1832,34165.72013,10071.6949,658350.314,43921.08207,240107.2367,26758.69873,115083.5368,91406.73838,27320.29356,10711.36402,67895.16335,279790.8976,0,9144.358411,0,,1744,94,0,NA,
M654.201T416.06,47,dehydrocaffeic_acid_glucoside_esterified_to_paracoumaric_acid_glucoside_13C3,[M-H]-,654.2007078,654.2007078,654.2007078,416.0599844,6.934333073,407.935881,434.2289651,28,28,0,0,0,1417.451472,14366.01253,234028.3763,133330.7141,13988.83011,25986.1975,11610.66151,18389.34828,137706.5263,795941.5716,90735.14141,38427.06376,89002.33063,181179.2729,1339882.499,837181.7968,99606.25218,1034600.1,507373.2742,2322622.227,493389.1855,426948.9009,747166.4691,231967.6781,108391.876,766299.7241,1035790.159,0,48921.57275,60230.45291,[24][M]+,20,20,1,NA,
M657.212T416.06,47,dehydrocaffeic_acid_glucoside_esterified_to_paracoumaric_acid_glucoside_13C6,[M-H]-,657.2120205,657.2116713,657.2120205,416.0599844,6.934333073,407.935881,434.2289651,28,28,0,0,0,1470.583309,6028.124748,179476.251,35616.95079,35532.8652,25681.5809,32334.02807,35734.67464,116620.4605,215443.325,105605.067,89504.16395,168554.5177,137525.955,533188.6604,6467453.539,246658.0559,371888.1497,1331078.827,5397823.864,2218703.982,345970.3712,1560998.115,458852.0208,280208.128,2218127.66,815225.9962,0,45574.57983,177788.7361,[24][M+1]+,20,20,2,NA,
M441.082T753.42,13,dicoumaroyl_tartaric_acid,[M-H]-,441.0816275,441.0816275,441.0818971,753.4186238,12.55697706,743.5747601,771.3116931,30,30,51108.9599,45643.10961,51224.21209,51605.01942,49333.25764,127513.8012,41552.78228,75564.9613,108455.2432,6945.925084,61944.9759,61755.94447,24622.85219,13938.53938,39419.85808,7246.898945,30404.28835,0,12030.88668,15679.3,5554.966995,10363.21311,31910.34439,33569.02862,49700.79737,12283.21879,27152.44844,79390.01247,28544.71982,63821.17573,54247.56077,21372.48861,40727.31501,,511,511,0,TRUE,C22H17O10
M441.082T686.75,12,dicoumaroyl_tartaric_acid,[M-H]-,441.0816275,441.0816275,441.0820375,686.7453307,11.44575551,680.2519464,711.5926249,29,29,28253.02881,40473.30469,55107.95212,53615.37441,39361.07615,102876.7199,39402.8239,45971.49931,78326.11696,3304.716952,44265.58244,40591.96088,5735.697546,10144.2476,28437.15457,8958.896709,50207.30415,0,28891.33994,18362.09795,14819.46699,15868.08629,59240.81929,44046.50259,89043.82552,17233.10529,36715.38908,107304.3921,46778.2272,62723.86017,64852.24163,3458.861364,53903.01653,,1267,37,0,TRUE,C22H17O10
M444.092T687.91,12,dicoumaroyl_tartaric_acid_13C3,[M-H]-,444.0920139,444.0913193,444.0925142,687.9054993,11.46509166,680.2519464,711.5926249,20,20,0,0,0,6960.674083,17494.92203,12954.42357,19708.93784,6287.822543,5580.375304,0,22535.11079,8843.374534,1754.40432,4080.062435,387.2570565,10235.45709,21798.48694,0,27707.0708,11983.2619,5828.355367,15374.60151,54844.86861,46690.31517,38690.08798,19653.40578,27466.09372,46735.74414,41379.91011,29259.88207,59436.7969,684.2891808,19324.26373,,1538,61,1,TRUE,C22H17O10
M444.092T755.68,13,dicoumaroyl_tartaric_acid_13C3,[M-H]-,444.0915756,444.0913193,444.0925142,755.684095,12.59473492,744.0620694,771.3116931,22,22,0,0,0,6803.3936,21883.80782,18105.64683,22702.40071,9736.797489,18568.67793,0,32487.33206,12611.28767,9175.535846,0,9699.352563,8524.410439,444.5636794,0,11759.0143,1218.196627,5813.377948,17821.54799,35167.47485,34695.85332,25026.11336,15287.91059,22498.57856,32432.34792,24964.71426,25951.73259,54838.70016,6016.256557,0,,637,637,1,TRUE,C22H17O10
M447.102T686.78,12,dicoumaroyl_tartaric_acid_13C6,[M-H]-,447.1021756,447.1013597,447.1023949,686.7751566,11.44625261,681.2171587,711.5926249,20,20,0,0,0,4432.399719,14615.2747,7817.762038,13960.87265,3183.933483,13070.01816,0,27135.74641,0,337.6862174,0,796.5043357,8593.839855,16206.27352,4613.574675,23614.31428,6518.065994,9651.029726,34499.68992,69159.63344,77799.78614,33042.70954,22385.5602,26752.05682,37951.63575,30282.55357,5440.100021,102608.6086,1148.03669,0,,1268,37,2,TRUE,C22H17O10
M447.102T757.87,13,dicoumaroyl_tartaric_acid_13C6,[M-H]-,447.1021106,447.1012398,447.1023949,757.869389,12.63115648,743.5747601,771.3116931,20,20,0,0,0,4588.708905,15359.29297,5443.438899,14183.44682,2683.933483,18535.72458,1721.570852,32626.95908,0,3195.345245,0,4301.29437,6187.291528,7031.921661,0,11720.25098,0,7333.755854,19671.78155,43881.38852,47416.73322,1450.873682,17405.62875,23613.22036,27499.6362,19287.86342,37574.42816,60983.21104,4917.248832,0,,1217,31,2,TRUE,C22H17O10
M327.108T511.82,5,dihydrocoumaroylglucose,[M-H]-,327.1077144,327.1076896,327.1083379,511.8224237,8.530373728,489.3288858,543.748102,33,31,21340.76224,20482.76433,18153.58645,21812.68207,22515.90326,14148.59002,20822.0289,11926.19903,30521.81414,17373.03703,6095.515298,28451.7712,17461.25397,26351.04413,15858.52255,19294.99911,21674.63484,45899.44183,34454.61028,16561.31678,15506.31865,12088.4769,15156.6159,0,26800.04304,22549.61308,6329.930444,25433.46335,17582.25493,10939.75134,11488.45673,5789.953207,0,,1711,87,0,NA,C15H19O8
M686.228T512.17,56,dihydrocoumaroylglucose_[2M+28],[2M+28Da-H]-,686.2281285,686.227848,686.2281285,512.1657518,8.536095864,501.2123234,545.8077023,24,24,0,0,0,0,9845.701865,4420.449634,28784.53816,8441.252728,37097.5623,4046.231531,24924.64367,59152.45753,27947.69427,31628.01392,42558.24201,20433.47891,52213.24038,11080.69679,170868.316,14820.43615,49370.24868,126149.4991,91319.07052,171116.2365,124694.5633,97283.56558,104988.775,102870.7484,247610.6989,103520.0772,79857.20812,0,0,,1715,87,0,NA,C15H19O8
M689.237T511.03,56,dihydrocoumaroylglucose_[2M+28]_13C3,[2M+28Da-H]-,689.2370298,689.2341516,689.2370298,511.0251347,8.517085579,501.2123234,545.8077023,17,17,0,0,0,0,0,0,383.8095905,0,3579.858829,0,5399.637663,15269.30726,0,7223.116215,0,13287.37767,25127.13734,0,62157.52796,0,9534.06847,137129.4141,30931.56644,144559.3388,87801.79477,139761.0812,91349.6718,85713.20263,259385.9884,95946.31827,228364.5019,0,0,,1582,68,1,NA,C15H19O8
M330.118T510.98,5,dihydrocoumaroylglucose_13C3,[M-H]-,330.1178771,330.1164425,330.1193293,510.9796293,8.516327155,502.7874532,527.1436678,18,18,0,0,0,0,0,0,0,0,5143.126111,0,0,8534.18234,0,8939.149027,6475.289718,17308.53263,18063.9878,0,12065.20649,6059.413458,4797.218766,22229.45018,6114.684355,6150.132758,20968.78979,46665.4347,0,34503.25074,26086.3921,18839.65571,52364.13047,2718.896981,13931.24617,,1578,68,1,NA,C15H19O8
M714.222T510.96,61,ferulic_acid_glucoside_[2M_13C3],[2M-H]-,714.2215845,714.2211576,714.223273,510.9645405,8.516075675,497.3665905,532.4627085,25,24,0,0,0,0,0,14952.61468,8776.905899,7279.224935,16581.40745,0,22921.66672,0,24137.27524,7431.51141,69960.24242,14780.9323,90730.96337,41316.88545,53518.46053,7004.831122,121385.5133,150928.7665,307852.8912,222962.5243,119309.2897,105594.331,0,82049.36274,216727.5076,253868.7242,126026.1804,0,46776.03196,[34][M]+,68,68,0,TRUE,C18H23O11
M717.232T510.73,61,ferulic_acid_glucoside_[2M_13C6],[2M-H]-,717.2321353,717.2313642,717.2323001,510.7332392,8.512220653,497.3665905,545.8077023,22,22,0,0,0,0,0,939.1159334,2331.667912,0,6113.6462,0,16204.80687,11356.98343,0,7946.562663,10134.68678,10335.74607,48689.48193,2381.017127,86851.31268,3353.128253,39559.7126,219581.682,155908.7262,482284.0162,152129.8026,284537.3936,117632.8424,92063.7874,432783.5211,202867.5476,382010.5461,0,46282.0406,[34][M+1]+,68,68,1,TRUE,C18H23O11
M418.134T511.52,11,ferulic_acid_glucoside_13C3_AA,[M-H]-,418.133737,418.1332393,418.1357618,511.5217029,8.525361715,497.3665905,545.8077023,30,30,0,0,0,3286.412032,4803.686366,10623.00045,10900.29739,3767.564579,20555.32653,4298.550906,24133.90294,18150.81862,5514.086221,19462.75934,16291.72357,20500.09822,45336.91157,15213.09379,64692.0576,16899.69235,41146.40035,92869.07621,84621.17614,78699.09738,93773.83412,127576.6549,53849.49696,64450.85264,129851.6716,90467.12538,180678.7549,5719.339327,52272.07521,[7][M+1]+,87,87,1,TRUE,C18H23O11
M415.123T511.52,11,ferulic_acid_glucoside_AA,[M-H]-,415.1234017,415.1234017,415.1243899,511.5217029,8.525361715,497.3665905,545.8077023,32,32,30461.43615,23856.88612,87871.33983,17120.2263,10057.08826,32213.85297,22320.18648,31396.16007,23107.70386,11114.25845,17966.5393,13716.30402,18382.90866,11202.64676,63570.96987,17046.674,37161.19991,92497.37136,18806.84705,17179.89915,63747.47122,31452.28936,84733.97475,19360.32769,35399.06745,22231.30492,11762.23045,23879.74909,29184.54471,50437.69205,27121.51523,0,17475.72255,[7][M]+,87,87,0,TRUE,C18H23O11
M579.207T757.61,113,G(8-5)Ghexoside_AA_,[M-H]-,579.2073872,579.2073872,579.2073872,757.6061039,12.6267684,747.5078282,771.3116931,33,33,862633.905,704586.4002,1287373.599,699076.8893,570932.9783,1996207.206,483441.6243,552946.8058,813036.0272,218907.0318,926407.2006,752766.9908,1069935.871,671520.9315,956442.3347,343457.148,751057.217,1430525.885,546387.8219,352373.3333,1191855.549,377975.7803,1488559.664,706726.5115,1202654.283,396139.9099,601063.825,1070936.609,830019.2342,710119.4768,1402157.344,261542.9856,1438481.473,,1221,31,0,NA,C28H35O13
M582.217T743.3,113,G(8-5)Ghexoside_AA_13C3,[M-H]-,582.2171147,582.1813393,582.2948922,743.2982,12.38830333,714.9305,784.0945,NA,NA,0,0,0,0,0,0,0,0,0,0,0,0,0,0,95084.011,0,0,78330.0656,32115.012,0,287472.5439,0,348653.5037,104047.9159,174919.3134,63925.53047,122361.3355,150530.5524,168237.5687,291140.3473,391154.2976,104881.2369,250131.4516,,NA,NA,1,NA,C28H35O13
M585.227T757.1,113,G(8-5)Ghexoside_AA_13C6,[M-H]-,585.2268212,585.2268212,585.2273151,757.1017334,12.61836222,747.5078282,771.3116931,24,24,0,512.785914,0,0,0,9287.788942,0,0,4388.44067,0,37278.49629,6146.80012,15019.48025,44333.20264,43302.11159,10874.97122,16900.16338,42156.7118,58909.95285,5023.221722,384528.3326,170321.0172,613292.2644,305034.0047,324080.3995,165456.4872,163759.1294,123515.0433,275261.493,384641.7895,673769.0668,154694.1696,239701.112,,1223,31,2,NA,C28H35O13
M580.211T757.61,32,G(8-5)Ghexoside_acetate_adduct_(m/z_579)_13C1,[M+1-H]-,580.2111905,580.2106501,580.2111905,757.6061039,12.6267684,747.5078282,771.3116931,33,33,272206.773,204627.3837,392538.9641,214241.8789,180986.0062,582763.4378,145877.8711,176521.5751,258009.7702,70826.23541,288515.881,239269.7711,337585.8625,207929.6821,287719.0184,104342.0297,240082.9438,446654.531,172163.9736,112504.5119,361327.3769,106009.8591,457415.3633,214926.6426,374403.1454,119744.1477,190644.4221,343356.2237,235405.5718,233945.093,412337.4523,76266.53581,466529.4044,[18][M]+,31,31,0,NA,C28H35O13
M583.221T758.09,32,G(8-5)Ghexoside_acetate_adduct_(m/z_579)_13C4,[M+1-H]-,583.2209152,583.2188544,583.2264332,758.0911681,12.6348528,747.5078282,771.3116931,17,17,0,0,1628.403067,0,0,522.4189969,0,0,688.8321783,0,0,1062.906384,4907.091785,3842.963768,4276.133349,0,0,16841.92891,0,0,92991.99256,38845.17601,111150.9385,27463.94117,49433.78815,15938.29753,33543.72779,40853.22458,45554.88333,77399.07348,128611.9538,30106.9551,63211.79462,[18][M+1]+,31,31,1,NA,C28H35O13
M586.231T757.85,32,G(8-5)Ghexoside_acetate_adduct_(m/z_579)_13C7,[M+1-H]-,586.230793,586.230793,586.230793,757.848636,12.6308106,747.5078282,771.3116931,18,18,0,0,0,0,0,0,0,0,734.6424309,0,0,0,3700.389941,11492.09103,9618.606185,0,0,6295.08297,16012.51321,0,88569.82856,39414.7141,144899.9137,70777.3748,81326.2266,38589.50608,41869.70189,32038.42115,68609.07882,86576.03106,164755.3185,33641.02106,61660.70756,,1224,31,2,NA,C28H35O13
M743.274T628.48,69,lariciresinol_diglucoside_AA,[M+Ac-H]-,743.2743964,743.201711,743.3583686,628.4773643,10.47462274,493.2459,705.4736,NA,NA,250396.768,387452.8285,914025.2477,483688.9992,323066.2716,92664.56857,505995.1353,299153.7947,0,0,593947.476,443474.0479,0,474135.4939,185453.3001,312646.6539,444328.5409,0,232938.4265,240702.3883,571972.5932,591773.8278,317862.3126,362850.9097,345609.9021,0,271857.6134,687149.9083,512359.0758,305444.5812,256974.5767,78127.58847,630090.4672,,NA,NA,0,NA,
M746.289T626.91,69,lariciresinol_diglucoside_AA_13C3,[M+Ac-H]-,746.2887563,746.2261401,746.3521089,626.9071533,10.44845256,548.2774,676.0628,NA,NA,5200.218103,0,0,0,0,27570.66402,28956.49474,4421.232688,0,0,25869.75306,0,0,0,0,0,0,23595.42164,20747.47706,23701.57218,9052.740748,0,0,0,30065.34908,27307.13,0,14838.42394,74069.70781,0,47518.3758,0,NA,,NA,NA,1,NA,
M749.295T600.21,69,lariciresinol_diglucoside_AA_13C6,[M+Ac-H]-,749.2947139,749.2930163,749.296077,600.2147385,10.00357897,493.2459,669.1127,NA,NA,0,0,0,0,0,0,0,0,0,0,0,0,0,0,0,0,0,0,11897.97116,0,9391.646619,0,9717.079703,19454.37134,3651.693006,6609.62008,16085.19525,21685.56815,23967.12469,46542.97785,12004.94491,4019.650675,26403.33783,,NA,NA,2,NA,
M743.275T537.5,70,lariciresinol_diglucoside_AA_isomer,[M+Ac-H]-,743.2749189,743.274822,743.2749189,537.5013716,8.958356193,527.3663275,579.3632159,34,33,625100.2348,56379.70273,360080.4258,539709.244,689696.5275,1411590.405,295891.1777,602130.4583,526311.2284,889195.1961,65430.67306,1864395.082,1825319.866,491916.149,644199.6525,471757.0139,215514.7882,2804676.721,200668.3509,51789.03925,85272.94462,290562.531,157227.2598,445564.9828,299076.2406,73156.72426,548731.7188,168099.6317,746521.5057,1403606.708,76655.6071,146146.1458,2373118.933,,1089,12,0,NA,
M746.285T536.79,70,lariciresinol_diglucoside_AA_isomer_13C3,[M+Ac-H]-,746.2848283,746.2826407,746.2861522,536.7858263,8.946430439,527.3663275,565.8245494,29,29,11043.38054,0,0,19858.93553,15704.87783,42406.33507,15186.666,22839.54569,51993.15,24400.74172,0,131348.0475,317646.7401,71132.63335,33764.83634,172567.3503,64363.28788,132857.7766,27759.65974,7773.737105,0,42852.99743,20508.88383,392541.3039,59069.89169,14608.26489,344738.1809,71862.76258,283299.8636,899584.6495,12571.63659,53464.07121,757522.2566,,1060,10,1,NA,
M749.295T511.23,70,lariciresinol_diglucoside_AA_isomer_13C6,[M+Ac-H]-,749.2947913,749.2608427,749.2971191,511.2276143,8.520460238,432.0863,535.6262,NA,NA,0,0,0,0,0,0,0,0,0,0,0,0,0,0,0,18467.86024,0,0,0,0,0,0,0,97439.33604,0,0,63781.41395,0,28119.71645,163374.381,0,5787.722447,85953.65209,,NA,NA,2,NA,
M521.201T772.74,105,lariciresinol_hexoside,[M-H]-,521.2014734,521.2014598,521.2014801,772.7357601,12.87892933,754.2569639,802.527068,36,33,146095.1418,217618.9153,501627.8131,274427.8641,198448.6617,412997.6331,208296.8305,172117.2102,333027.8551,60994.70506,286967.0993,358716.5457,277245.4651,258666.7104,141335.2725,180176.1823,226205.9601,332917.8895,185827.3583,181373.973,247547.5523,281606.4257,273877.0429,210332.8105,242393.1801,168106.5476,154288.6671,314924.0643,223810.2693,220333.9905,193144.7089,66818.69489,314813.6752,,120,120,0,NA,
M524.212T749.27,105,lariciresinol_hexoside_13C3,[M-H]-,524.211755,524.2096014,524.213025,749.269025,12.48781708,700.6809,780.1129,NA,NA,0,0,0,0,0,0,0,0,0,0,0,0,0,0,0,0,0,0,0,0,27442.37707,16314.19757,55944.88175,36756.65672,41796.80579,22408.64436,68904.13754,38426.03383,49436.99379,115379.9599,91867.03967,15226.15768,NA,,NA,NA,1,NA,
M527.222T773.16,105,lariciresinol_hexoside_13C6,[M-H]-,527.2216442,527.2216442,527.2216442,773.1603077,12.88600513,766.6089995,802.527068,18,18,0,0,0,0,0,5995.145143,0,0,3153.095097,0,10594.84501,1163.735396,1362.283978,5060.260801,3231.534436,2317.348152,1450.440548,5784.137706,19470.58682,0,25866.10584,18047.25212,80424.26569,72306.0508,54257.94531,20896.74942,81394.13186,15278.44429,46585.26863,140963.7223,154271.7034,17150.13407,58516.66715,,1827,120,2,NA,
